{
    "fileName": "PhoenixPro.json",
    "name": "CTRE-Phoenix (Pro)",
    "version": "23.0.12",
    "frcYear": 2023,
    "uuid": "e995de00-2c64-4df5-8831-c1441420ff19",
    "mavenUrls": [
        "https://maven.ctr-electronics.com/release/"
    ],
    "jsonUrl": "https://maven.ctr-electronics.com/release/com/ctre/phoenixpro/PhoenixPro-frc2023-latest.json",
    "javaDependencies": [
        {
            "groupId": "com.ctre.phoenixpro",
            "artifactId": "wpiapi-java",
            "version": "23.0.12"
        }
    ],
    "jniDependencies": [
        {
            "groupId": "com.ctre.phoenixpro",
            "artifactId": "tools",
            "version": "23.0.12",
            "isJar": false,
            "skipInvalidPlatforms": true,
            "validPlatforms": [
                "windowsx86-64",
                "linuxx86-64",
                "linuxathena"
            ],
            "simMode": "hwsim"
        },
        {
            "groupId": "com.ctre.phoenixpro.sim",
            "artifactId": "tools-sim",
            "version": "23.0.12",
            "isJar": false,
            "skipInvalidPlatforms": true,
            "validPlatforms": [
                "windowsx86-64",
                "linuxx86-64",
                "osxuniversal"
            ],
            "simMode": "swsim"
        },
        {
            "groupId": "com.ctre.phoenixpro.sim",
            "artifactId": "simTalonSRX",
            "version": "23.0.12",
            "isJar": false,
            "skipInvalidPlatforms": true,
            "validPlatforms": [
                "windowsx86-64",
                "linuxx86-64",
                "osxuniversal"
            ],
            "simMode": "swsim"
        },
        {
            "groupId": "com.ctre.phoenixpro.sim",
            "artifactId": "simTalonFX",
            "version": "23.0.12",
            "isJar": false,
            "skipInvalidPlatforms": true,
            "validPlatforms": [
                "windowsx86-64",
                "linuxx86-64",
                "osxuniversal"
            ],
            "simMode": "swsim"
        },
        {
            "groupId": "com.ctre.phoenixpro.sim",
            "artifactId": "simVictorSPX",
            "version": "23.0.12",
            "isJar": false,
            "skipInvalidPlatforms": true,
            "validPlatforms": [
                "windowsx86-64",
                "linuxx86-64",
                "osxuniversal"
            ],
            "simMode": "swsim"
        },
        {
            "groupId": "com.ctre.phoenixpro.sim",
            "artifactId": "simPigeonIMU",
            "version": "23.0.12",
            "isJar": false,
            "skipInvalidPlatforms": true,
            "validPlatforms": [
                "windowsx86-64",
                "linuxx86-64",
                "osxuniversal"
            ],
            "simMode": "swsim"
        },
        {
            "groupId": "com.ctre.phoenixpro.sim",
            "artifactId": "simCANCoder",
            "version": "23.0.12",
            "isJar": false,
            "skipInvalidPlatforms": true,
            "validPlatforms": [
                "windowsx86-64",
                "linuxx86-64",
                "osxuniversal"
            ],
            "simMode": "swsim"
        },
        {
            "groupId": "com.ctre.phoenixpro.sim",
            "artifactId": "simProTalonFX",
            "version": "23.0.12",
            "isJar": false,
            "skipInvalidPlatforms": true,
            "validPlatforms": [
                "windowsx86-64",
                "linuxx86-64",
                "osxuniversal"
            ],
            "simMode": "swsim"
        },
        {
            "groupId": "com.ctre.phoenixpro.sim",
            "artifactId": "simProCANcoder",
            "version": "23.0.12",
            "isJar": false,
            "skipInvalidPlatforms": true,
            "validPlatforms": [
                "windowsx86-64",
                "linuxx86-64",
                "osxuniversal"
            ],
            "simMode": "swsim"
        },
        {
            "groupId": "com.ctre.phoenixpro.sim",
            "artifactId": "simProPigeon2",
            "version": "23.0.12",
            "isJar": false,
            "skipInvalidPlatforms": true,
            "validPlatforms": [
                "windowsx86-64",
                "linuxx86-64",
                "osxuniversal"
            ],
            "simMode": "swsim"
        }
    ],
    "cppDependencies": [
        {
            "groupId": "com.ctre.phoenixpro",
            "artifactId": "wpiapi-cpp",
            "version": "23.0.12",
            "libName": "CTRE_PhoenixPro_WPI",
            "headerClassifier": "headers",
            "sharedLibrary": true,
            "skipInvalidPlatforms": true,
            "binaryPlatforms": [
                "windowsx86-64",
                "linuxx86-64",
                "linuxathena"
            ],
            "simMode": "hwsim"
        },
        {
            "groupId": "com.ctre.phoenixpro",
            "artifactId": "tools",
            "version": "23.0.12",
            "libName": "CTRE_PhoenixTools",
            "headerClassifier": "headers",
            "sharedLibrary": true,
            "skipInvalidPlatforms": true,
            "binaryPlatforms": [
                "windowsx86-64",
                "linuxx86-64",
                "linuxathena"
            ],
            "simMode": "hwsim"
        },
        {
            "groupId": "com.ctre.phoenixpro.sim",
            "artifactId": "wpiapi-cpp-sim",
            "version": "23.0.12",
            "libName": "CTRE_PhoenixPro_WPISim",
            "headerClassifier": "headers",
            "sharedLibrary": true,
            "skipInvalidPlatforms": true,
            "binaryPlatforms": [
                "windowsx86-64",
                "linuxx86-64",
                "osxuniversal"
            ],
            "simMode": "swsim"
        },
        {
            "groupId": "com.ctre.phoenixpro.sim",
            "artifactId": "tools-sim",
            "version": "23.0.12",
            "libName": "CTRE_PhoenixTools_Sim",
            "headerClassifier": "headers",
            "sharedLibrary": true,
            "skipInvalidPlatforms": true,
            "binaryPlatforms": [
                "windowsx86-64",
                "linuxx86-64",
                "osxuniversal"
            ],
            "simMode": "swsim"
        },
        {
            "groupId": "com.ctre.phoenixpro.sim",
            "artifactId": "simTalonSRX",
            "version": "23.0.12",
            "libName": "CTRE_SimTalonSRX",
            "headerClassifier": "headers",
            "sharedLibrary": true,
            "skipInvalidPlatforms": true,
            "binaryPlatforms": [
                "windowsx86-64",
                "linuxx86-64",
                "osxuniversal"
            ],
            "simMode": "swsim"
        },
        {
            "groupId": "com.ctre.phoenixpro.sim",
            "artifactId": "simTalonFX",
            "version": "23.0.12",
            "libName": "CTRE_SimTalonFX",
            "headerClassifier": "headers",
            "sharedLibrary": true,
            "skipInvalidPlatforms": true,
            "binaryPlatforms": [
                "windowsx86-64",
                "linuxx86-64",
                "osxuniversal"
            ],
            "simMode": "swsim"
        },
        {
            "groupId": "com.ctre.phoenixpro.sim",
            "artifactId": "simVictorSPX",
            "version": "23.0.12",
            "libName": "CTRE_SimVictorSPX",
            "headerClassifier": "headers",
            "sharedLibrary": true,
            "skipInvalidPlatforms": true,
            "binaryPlatforms": [
                "windowsx86-64",
                "linuxx86-64",
                "osxuniversal"
            ],
            "simMode": "swsim"
        },
        {
            "groupId": "com.ctre.phoenixpro.sim",
            "artifactId": "simPigeonIMU",
            "version": "23.0.12",
            "libName": "CTRE_SimPigeonIMU",
            "headerClassifier": "headers",
            "sharedLibrary": true,
            "skipInvalidPlatforms": true,
            "binaryPlatforms": [
                "windowsx86-64",
                "linuxx86-64",
                "osxuniversal"
            ],
            "simMode": "swsim"
        },
        {
            "groupId": "com.ctre.phoenixpro.sim",
            "artifactId": "simCANCoder",
            "version": "23.0.12",
            "libName": "CTRE_SimCANCoder",
            "headerClassifier": "headers",
            "sharedLibrary": true,
            "skipInvalidPlatforms": true,
            "binaryPlatforms": [
                "windowsx86-64",
                "linuxx86-64",
                "osxuniversal"
            ],
            "simMode": "swsim"
        },
        {
            "groupId": "com.ctre.phoenixpro.sim",
            "artifactId": "simProTalonFX",
            "version": "23.0.12",
            "libName": "CTRE_SimProTalonFX",
            "headerClassifier": "headers",
            "sharedLibrary": true,
            "skipInvalidPlatforms": true,
            "binaryPlatforms": [
                "windowsx86-64",
                "linuxx86-64",
                "osxuniversal"
            ],
            "simMode": "swsim"
        },
        {
            "groupId": "com.ctre.phoenixpro.sim",
            "artifactId": "simProCANcoder",
            "version": "23.0.12",
            "libName": "CTRE_SimProCANcoder",
            "headerClassifier": "headers",
            "sharedLibrary": true,
            "skipInvalidPlatforms": true,
            "binaryPlatforms": [
                "windowsx86-64",
                "linuxx86-64",
                "osxuniversal"
            ],
            "simMode": "swsim"
        },
        {
            "groupId": "com.ctre.phoenixpro.sim",
            "artifactId": "simProPigeon2",
            "version": "23.0.12",
            "libName": "CTRE_SimProPigeon2",
            "headerClassifier": "headers",
            "sharedLibrary": true,
            "skipInvalidPlatforms": true,
            "binaryPlatforms": [
                "windowsx86-64",
                "linuxx86-64",
                "osxuniversal"
            ],
            "simMode": "swsim"
        }
    ]
}